source|text|created_at|retweet_count|favorite_count|is_retweet|id_str
Twitter for iPhone|Today I signed the Veterans (OUR HEROES) Choice Program Extension &amp; Improvement Act @ the @WhiteHouse. #S544 Watch‚Ä¶ https://t.co/0sMv4sPrmf|04-19-2017 20:26:45|10614|48196|false|854793411110588418
Twitter for iPhone|#BuyAmericanHireAmericanüá∫üá∏ https://t.co/JPEXQTVR1E|04-19-2017 17:31:28|12938|54144|false|854749300114546688
Twitter for iPhone|Dems failed in Kansas and are now failing in Georgia. Great job Karen Handel! It is now Hollywood vs. Georgia on June 20th.|04-19-2017 12:43:18|15581|72852|false|854676780527079425
Twitter for iPhone|Despite major outside money, FAKE media support and eleven Republican candidates, BIG "R" win with runoff in Georgia. Glad to be of help!|04-19-2017 04:09:17|15355|77097|false|854547423464759296
Twitter for iPhone|#BuyAmericanHireAmericanüá∫üá∏Watch‚û°Ô∏èhttps://t.co/AUqYcrgeyn https://t.co/rf9aivVb7g|04-18-2017 20:56:16|6772|33968|false|854438452661809152
Twitter for iPhone|Just learned that Jon @Ossoff, who is running for Congress in Georgia, doesn't even live in the district. Republicans, get out and vote!|04-18-2017 20:38:25|16473|63042|false|854433960566431746
Twitter for iPhone|Republicans must get out today and VOTE in Georgia 6. Force runoff and easy win! Dem Ossoff will raise your taxes-very bad on crime &amp; 2nd A.|04-18-2017 10:46:19|16046|62665|false|854284952539725828
Twitter for iPhone|Democrat Jon Ossoff would be a disaster in Congress. VERY weak on crime and illegal immigration, bad for jobs and wants higher taxes. Say NO|04-18-2017 10:38:59|14367|56986|false|854283110191685634
Twitter for iPhone|I will be interviewed on @foxandfriends by @ainsleyearhardt starting at 6:00 A.M. Enjoy!|04-18-2017 09:48:10|4683|33641|false|854270321620287490
Twitter for iPhone|The weak illegal immigration policies of the Obama Admin. allowed bad MS 13 gangs to form in cities across U.S. We are removing them fast!|04-18-2017 09:39:25|17597|72694|false|854268119774367745
Twitter for iPhone|With eleven Republican candidates running in Georgia (on Tuesday) for Congress, a runoff will be a win. Vote "R" for lower taxes &amp; safety!|04-18-2017 02:18:38|13599|61163|false|854157191053553666
Twitter for iPhone|See you tomorrow Wisconsin!'Trump spurs small-business optimism in Milwaukee area'https://t.co/JUxhO3oqjO|04-17-2017 22:41:53|8319|42213|false|854102644394254341
Twitter for iPhone|TRUMP APPROVAL HITS 50%https://t.co/vjZkGTyQb9|04-17-2017 22:38:30|10793|56216|false|854101790886948866
Twitter for iPhone|RT @DRUDGE_REPORT: TRUMP APPROVAL HITS 50% https://t.co/TruX3WzR3U|04-17-2017 13:35:27|7632|0|true|853965129024712704
Twitter for iPhone|The super Liberal Democrat in the Georgia Congressioal race tomorrow wants to protect criminals, allow illegal immigration and raise taxes!|04-17-2017 13:31:03|19415|61174|false|853964023846588420
Twitter for iPhone|The Fake Media (not Real Media) has gotten even worse since the election. Every story is badly slanted. We have to hold them to the truth!|04-17-2017 12:17:59|18607|83488|false|853945633903923200
Twitter for iPhone|A great book for your reading enjoyment: "REASONS TO VOTE FOR DEMOCRATS" by Michael J. Knowles.|04-17-2017 12:13:17|12663|53324|false|853944453538750464
Twitter for iPhone|"The first 90 days of my presidency has exposed the total failure of the last eight years of foreign policy!" So true. @foxandfriends|04-17-2017 12:07:16|16169|75933|false|853942936337350656
Twitter for iPhone|The recent Kansas election (Congress) was a really big media event, until the Republicans won. Now they play the same game with Georgia-BAD!|04-17-2017 00:45:01|12804|64082|false|853771244579282944
Twitter for iPhone|Our military is building and is rapidly becoming stronger than ever before. Frankly, we have no choice!|04-16-2017 13:41:47|20803|104462|false|853604334944354305
Twitter for iPhone|Someone should look into who paid for the small organized rallies yesterday. The election is over!|04-16-2017 13:13:26|21244|95808|false|853597199619543041
Twitter for iPhone|I did what was an almost an impossible thing to do for a Republican-easily won the Electoral College! Now Tax Returns are brought up again?|04-16-2017 13:07:11|12384|70664|false|853595628655587334
Twitter for iPhone|Happy Easter to everyone!|04-16-2017 12:24:49|40671|186323|false|853584968047636480
Twitter for iPhone|Why would I call China a currency manipulator when they are working with us on the North Korean problem? We will see what happens!|04-16-2017 12:18:40|15001|72649|false|853583417916755968
Twitter for iPhone|RT @FLOTUS: Looking forward to hosting the annual Easter Egg Roll at the @WhiteHouse on Monday! https://t.co/nz7vucugx9|04-14-2017 21:46:20|17662|0|true|853001499747725317
Twitter for iPhone|Weekly Address- https://t.co/tpZ7eqJLUH https://t.co/B2NQzj53ft|04-14-2017 20:41:25|7089|33563|false|852985162870738944
Twitter for iPhone|RT @DRUDGE_REPORT: GREAT AGAIN: FEDS ARREST MURDER SUSPECT IN 'FAST AND FURIOUS' SCANDAL... https://t.co/clOLxTE3D4|04-14-2017 03:18:24|5824|0|true|852722680851779584
Twitter for iPhone|It was a great honor to welcome Atlanta's heroic first responders to the White House this afternoon! https://t.co/ZtC14AJ0xs|04-13-2017 19:21:07|13013|75042|false|852602568433950720
Twitter for iPhone|Things will work out fine between the U.S.A. and Russia. At the right time everyone will come to their senses &amp; there will be lasting peace!|04-13-2017 13:16:30|24326|111648|false|852510810287075329
Twitter for iPhone|I have great confidence that China will properly deal with North Korea. If they are unable to do so, the U.S., with its allies, will! U.S.A.|04-13-2017 13:08:20|28207|113289|false|852508752142114816
Twitter for iPhone|Jobs are returning, illegal immigration is plummeting, law, order and justice are being restored. We are truly making America great again!|04-13-2017 00:32:25|30950|139902|false|852318522139168769
Twitter for iPhone|One by one we are keeping our promises - on the border, on energy, on jobs, on regulations. Big changes are happening!|04-12-2017 23:10:37|17816|95427|false|852297935219982336
Twitter for iPhone|Economic confidence is soaring as we unleash the power of private sector job creation and stand up for the American Workers. #AmericaFirst|04-12-2017 23:09:56|12143|65130|false|852297762599313409
Twitter for iPhone|Great meeting w/ NATO Sec. Gen. We agreed on the importance of getting countries to pay their fair share &amp; focus on‚Ä¶ https://t.co/G9TdjWezmH|04-12-2017 21:48:48|10724|52838|false|852277347587952640
Twitter for iPhone|Great win in Kansas last night for Ron Estes, easily winning the Congressional race against the Dems, who spent heavily &amp; predicted victory!|04-12-2017 12:37:07|13165|72078|false|852138509355933697
Twitter for iPhone|Had a very good call last night with the President of China concerning the menace of North Korea.|04-12-2017 12:22:22|19588|92666|false|852134796436398086
Twitter for iPhone|I will be interviewed by @MariaBartiromo at 6:00 A.M. @FoxBusiness. Enjoy!|04-12-2017 03:16:00|6222|40874|false|851997299454742528
Twitter for iPhone|Great Strategic &amp; Policy CEO Forum today with my Cabinet Secretaries and top CEO's from around the United States.‚Ä¶ https://t.co/pmGIL08OpP|04-11-2017 20:27:35|8723|43875|false|851894518014238720
Twitter for iPhone|Ron Estes is running TODAY for Congress in the Great State of Kansas. A wonderful guy, I need his help on Healthcare &amp; Tax Cuts (Reform).|04-11-2017 12:59:20|12262|58666|false|851781714028494849
Twitter for iPhone|North Korea is looking for trouble. If China decides to help, that would be great. If not, we will solve the problem without them!  U.S.A.|04-11-2017 12:03:43|53328|136091|false|851767718248361986
Twitter for iPhone|I explained to the President of China that a trade deal with the U.S. will be far better for them if they solve the North Korean problem!|04-11-2017 11:59:04|19145|81554|false|851766546825347076
Twitter for iPhone|RT @foxnation: Grateful Syrians React To @realDonaldTrump Strike: 'I'll Name My Son Donald' https://t.co/7KexXsXLUx #SyrianStrikes|04-11-2017 11:48:31|6245|0|true|851763890786635776
Twitter for iPhone|Happy Passover to everyone celebrating in the United States of America, Israel, and around the world. #ChagSameach|04-10-2017 23:56:35|16731|89320|false|851584729400979456
Twitter Ads|Congratulations to Justice Neil Gorsuch on his elevation to the United States Supreme Court. A great day for Americ‚Ä¶ https://t.co/RM9lfTaePS|04-10-2017 21:59:10|15760|79752|false|851555178910064640
Twitter for iPhone|Thank you @USNavy! #USA https://t.co/oD7L8vPgjq|04-10-2017 01:35:45|14540|71754|false|851247294854856706
Twitter for iPhone|...confidence that President Al Sisi will handle situation properly.|04-09-2017 15:21:07|10391|56646|false|851092618754891781
Twitter for iPhone|So sad to hear of the terrorist attack in Egypt. U.S. strongly condemns. I have great...|04-09-2017 15:20:39|15606|77604|false|851092500056072198
Twitter for iPhone|Judge Gorsuch will be sworn in at the Rose Garden of the White House on Monday at 11:00 A.M. He will be a great Justice. Very proud of him!|04-08-2017 19:58:32|18538|101425|false|850800045012201473
Twitter for iPhone|The reason you don't generally hit runways is that they are easy and inexpensive to quickly fix (fill in and top)!|04-08-2017 19:00:08|11769|61631|false|850785347038576640
Twitter for iPhone|Congratulations to our great military men and women for representing the United States, and the world, so well in the Syria attack.|04-08-2017 14:54:24|27363|135259|false|850723509370327040
Twitter for iPhone|...goodwill and friendship was formed, but only time will tell on trade.|04-08-2017 14:51:10|7231|48718|false|850722694958075905
Twitter for iPhone|It was a great honor to have President Xi Jinping and Madame Peng Liyuan of China as our guests in the United States. Tremendous...|04-08-2017 14:50:59|10521|67145|false|850722648883638272
Twitter for iPhone|RT @IvankaTrump: Very proud of Arabella and Joseph for their performance in honor of President Xi Jinping and Madame Peng Liyuan's official‚Ä¶|04-07-2017 23:22:53|15195|0|true|850489084221018113
Twitter for iPhone|It was an honor to host our American heroes from the @WWP #SoldierRideDC at the @WhiteHouse today with @FLOTUS, @VP‚Ä¶ https://t.co/u5AI1pupVV|04-06-2017 18:30:49|10767|60570|false|850053194923298816
Twitter for iPhone|JOBS, JOBS, JOBS!https://t.co/XGOQPHywrt https://t.co/B5Qbn6llzE|04-06-2017 02:12:43|23000|83555|false|849807049118625792
Twitter Ads|I am deeply committed to preserving our strong relationship &amp; to strengthening America's long-standing support for‚Ä¶ https://t.co/GxrOR3ALCE|04-05-2017 21:18:08|13159|67325|false|849732911377117185
Twitter for iPhone|Great to talk jobs with #NABTU2017. Tremendous spirit &amp; optimism - we will deliver! https://t.co/6lRuQZZHrc|04-04-2017 21:03:51|9150|49321|false|849366930133839872
Twitter Ads|Thank you Sean McGarvey &amp; the entire Governing Board of Presidents for honoring me w/an invite to speak. #NABTU2017‚Ä¶ https://t.co/dJlZvlq6Tj|04-04-2017 19:38:59|9447|48800|false|849345573509574665
Twitter for iPhone|.@WhiteHouse #CEOTownHall‚û°Ô∏èhttps://t.co/ADSKuUXf1b https://t.co/XHfQ6zmF2H|04-04-2017 18:38:13|8409|38111|false|849330281412792320
Twitter for iPhone|RT @DRUDGE_REPORT: RICE ORDERED SPY DOCS ON TRUMP? https://t.co/bL2nZRFxk9|04-04-2017 12:39:16|11466|0|true|849239946653290496
Twitter for iPhone|It was an honor to welcome President Al Sisi of Egypt to the @WhiteHouse as we renew the historic partnership betwe‚Ä¶ https://t.co/9mRaGvcPHz|04-03-2017 19:39:05|13265|58198|false|848983209580822529
Twitter for iPhone|Looking forward to hosting our heroes from the Wounded Warrior Project (@WWP) Soldier Ride to the @WhiteHouse on Th‚Ä¶ https://t.co/QLC0qFD94x|04-03-2017 17:56:55|11042|56195|false|848957498040217603
Twitter for iPhone|Getting ready to meet President al-Sisi of Egypt. On behalf of the United States, I look forward to a long and wonderful relationship.|04-03-2017 16:00:33|12841|76027|false|848928217138384896
Twitter for iPhone|.@FoxNews from multiple sources: "There was electronic surveillance of Trump, and people close to Trump. This is unprecedented." @FBI|04-03-2017 12:51:01|22045|69597|false|848880519458717698
Twitter for iPhone|Did Hillary Clinton ever apologize for receiving the answers to the debate? Just asking!|04-03-2017 11:21:11|27505|108357|false|848857910297980928
Twitter for iPhone|Was the brother of John Podesta paid big money to get the sanctions on Russia lifted? Did Hillary know?|04-03-2017 11:16:52|20532|71599|false|848856822312292354
Twitter for iPhone|Such amazing reporting on unmasking and the crooked scheme against us by @foxandfriends. "Spied on before nomination." The real story.|04-03-2017 10:15:17|19995|73263|false|848841326183534594
Twitter for iPhone|Melania and I are honored to light up the @WhiteHouse this evening, for #WorldAutismAwarenessDay. Join us &amp; #LIUB.‚Ä¶ https://t.co/tR3hqqyWvv|04-03-2017 00:58:29|25161|113112|false|848701201315188736
Twitter for iPhone|The real story turns out to be SURVEILLANCE and LEAKING! Find the leakers.|04-02-2017 13:34:16|21334|82776|false|848529014667055105
Twitter for iPhone|Talks on Repealing and Replacing ObamaCare are, and have been, going on, and will continue until such time as a deal is hopefully struck.|04-02-2017 13:03:43|13677|73325|false|848521325480202240
Twitter for iPhone|Anybody (especially  Fake News media) who thinks that Repeal &amp; Replace of ObamaCare is dead does not know the love and strength in R Party!|04-02-2017 12:56:49|16341|80080|false|848519587675201538
Twitter for iPhone|Thank you @JCLayfield -- will get even better as my Administration continues to put #AmericaFirstüá∫üá∏ https://t.co/AQQzmt10x7|04-01-2017 22:21:02|13760|53703|false|848299191646515202
Twitter for iPhone|..not associated with Russia. Trump team spied on before he was nominated." If this is true, does not get much bigger. Would be sad for U.S.|04-01-2017 17:02:29|15671|64746|false|848219027659010051
Twitter for iPhone|Wow, @FoxNews just reporting big news. Source: "Official behind unmasking is high up. Known Intel official is responsible. Some unmasked....|04-01-2017 16:50:36|16136|61205|false|848216035153121285
Twitter for iPhone|...use subsidies to buy health plans." In other words, Ocare is dead. Good things will happen, however, either with Republicans or Dems.|04-01-2017 16:06:14|10001|51102|false|848204870876356608
Twitter for iPhone|The failing @nytimes finally gets it - "In places where no insurance company offers plans, there will be no way for ObamaCare customers to..|04-01-2017 15:59:36|11203|48508|false|848203201094483972
Twitter for iPhone|RT @DanScavino: .@POTUS @realDonaldTrump signs executive orders on trade that will set the stage for revival in American manufacturing. #Am‚Ä¶|04-01-2017 15:35:12|7035|0|true|848197060625145856
Twitter for iPhone|It is the same Fake News Media that said there is "no path to victory for Trump" that is now pushing the phony Russia story. A total scam!|04-01-2017 13:02:32|22380|86222|false|848158641056362496
Twitter for iPhone|When will Sleepy Eyes Chuck Todd and @NBCNews start talking about the Obama SURVEILLANCE SCANDAL and stop with the Fake Trump/Russia story?|04-01-2017 12:43:32|21797|78221|false|848153860602507264
Twitter Ads|We are going to defend our industry &amp; create a level playing field for the American worker. It is time to put‚Ä¶ https://t.co/dzPKJMghj1|03-31-2017 21:31:44|14593|65695|false|847924397180583937
Twitter for iPhone|'Trump Celebrates American Manufacturing Survey Showing Highest Level of Optimism in 20 Years' ‚û°Ô∏è‚Ä¶ https://t.co/cVWXOa1MjY|03-31-2017 19:37:00|9595|44123|false|847895524632129536
Twitter Ads|It is an exciting time for our country!#WeeklyAddress #ConfirmGorsuch https://t.co/tP4bkvTOBq|03-31-2017 18:30:38|13694|58319|false|847878820220858369
Twitter for iPhone|#ConfirmGorsuch #SCOTUS https://t.co/WkqHYMcYa3|03-31-2017 17:45:10|10927|48064|false|847867380562894848
Twitter for iPhone|Great meeting with a wonderful woman today, former Secretary of State, Condoleezza Rice! #USAüá∫üá∏ https://t.co/ZuriIC3YwG|03-31-2017 17:28:44|10435|57145|false|847863243200753666
Twitter for iPhone|It was an honor to welcome the Prime Minister of Denmark, Lars L√∏kke Rasmussen {@larsloekke} to the @WhiteHouse yes‚Ä¶ https://t.co/N1g0TiVnSp|03-31-2017 14:35:47|6903|40720|false|847819720418111488
Twitter for iPhone|Mike Flynn should ask for immunity in that this is a witch hunt (excuse for big election loss), by media &amp; Dems, of historic proportion!|03-31-2017 11:04:32|17963|74530|false|847766558520856578
Twitter for iPhone|Only by enlisting the full potential of women in our society will we be truly able to #MakeAmericaGreatAgainüá∫üá∏‚Ä¶ https://t.co/cxhgYaxiek|03-31-2017 01:43:35|13485|59387|false|847625389908217856
Twitter for iPhone|...and job losses. American companies must be prepared to look at other alternatives.|03-30-2017 22:16:50|7587|42307|false|847573358912974849
Twitter for iPhone|The meeting next week with China will be a very difficult one in that we can no longer have massive trade deficits...|03-30-2017 22:16:17|12126|58102|false|847573220417044480
Twitter for iPhone|Where are @RepMarkMeadows, @Jim_Jordan and @Raul_Labrador?#RepealANDReplace #Obamacare|03-30-2017 21:21:50|5895|30401|false|847559519085379584
Twitter for iPhone|If @RepMarkMeadows, @Jim_Jordan and @Raul_Labrador would get on board we would have both great healthcare and massive tax cuts &amp; reform.|03-30-2017 21:20:44|7722|38242|false|847559239149158401
Twitter for iPhone|If @RepMarkMeadows, @Jim_Jordan and Raul_Labrador would get on board we would have both great healthcare and massive tax cuts &amp; reform.|03-30-2017 21:18:57|348|1550|false|847558790358728705
Twitter for iPhone|Great op-ed from @RepKenBuck. Looks like some in the Freedom Caucus are helping me end #Obamacare. https://t.co/Y2vTnIBTBZ|03-30-2017 21:17:30|6645|31807|false|847558426557337600
Twitter for iPhone|The failing @nytimes has disgraced the media world. Gotten me wrong for two solid years. Change libel laws? https://t.co/QIqLgvYLLi|03-30-2017 14:27:14|13280|54377|false|847455180912181249
Twitter for iPhone|The Freedom Caucus will hurt the entire Republican agenda if they don't get on the team, &amp; fast. We must fight them, &amp; Dems, in 2018!|03-30-2017 13:07:42|13845|60193|false|847435163143454723
Twitter for iPhone|Today we honored our true American heroes on the first-ever National Vietnam War Veterans Day.#ThankAVeteran‚Ä¶ https://t.co/deOHapcV4J|03-30-2017 02:12:09|16788|73882|false|847270189171228672
Media Studio|.@FLOTUS Melania and I were honored to stop by the Women's Empowerment  Panel this afternoon at the @WhiteHouse.‚Ä¶ https://t.co/phLPw8lgTu|03-29-2017 23:58:11|10386|54285|false|847236476815511552
Twitter for iPhone|Today's EO established a commission on combating drug addiction and the opioid crisis. Watch listening session‚û°Ô∏è‚Ä¶ https://t.co/ooF2ediqSt|03-29-2017 21:39:01|8686|40545|false|847201455165624320
Twitter for iPhone|If the people of our great country could only see how viciously and inaccurately my administration is covered by certain media!|03-29-2017 12:21:02|20281|98068|false|847061031293779969
Twitter for iPhone|Remember when the failing @nytimes apologized to its subscribers, right after the election, because their coverage was so wrong. Now worse!|03-29-2017 12:01:52|15624|74900|false|847056211006631936
Twitter for iPhone|Why doesn't Fake News talk about Podesta ties to Russia as covered by @FoxNews or money from Russia to Clinton - sale of  Uranium?|03-28-2017 22:41:09|25726|86933|false|846854703183020032
Twitter for iPhone|A NEW ERA IN AMERICAN ENERGY! #MadeInTheUSAüá∫üá∏Watch here: https://t.co/EG02Fdlkba https://t.co/XT12jqoIqj|03-28-2017 21:48:40|9616|45784|false|846841493952319489
Twitter for iPhone|It was an honor to welcome @GLFOP to the @WhiteHouse today with @VP Pence &amp; Attorney General Sessions. THANK YOU fo‚Ä¶ https://t.co/VHzTB4c69h|03-28-2017 20:57:17|7082|39199|false|846828561491202048
Twitter for iPhone|The failing @NYTimes would do much better if they were honest! https://t.co/ATy8R3knS2|03-28-2017 15:26:23|13142|56580|false|846745288735887360
Twitter for iPhone|Watch @foxandfriends now on Podesta and Russia!|03-28-2017 11:16:44|9248|47086|false|846682464215076866
Twitter for iPhone|Big announcement by Ford today. Major investment to be made in three Michigan plants. Car companies coming back to U.S.  JOBS! JOBS! JOBS!|03-28-2017 10:36:02|23340|109338|false|846672219073863681
Twitter for iPhone|The Democrats will make a deal with me on healthcare as soon as ObamaCare folds - not long. Do not worry, we are in very  good shape!|03-28-2017 02:03:17|16103|80864|false|846543183223963649
Twitter for iPhone|The Republican House Freedom Caucus was able to snatch defeat from the jaws of victory. After so many bad years they were ready for a win!|03-28-2017 01:41:15|9632|52179|false|846537639167713281
Twitter for iPhone|...money to Bill, the Hillary Russian "reset," praise of Russia by Hillary, or Podesta Russian Company. Trump Russia story is a hoax. #MAGA!|03-28-2017 01:35:35|19170|69350|false|846536212362018816
Twitter for iPhone|Why isn't the House Intelligence Committee looking into the Bill &amp; Hillary deal that allowed big Uranium to go to Russia, Russian speech....|03-28-2017 01:26:04|26423|89095|false|846533818811080704
Twitter for iPhone|General Kelly is doing a great job at the border. Numbers are way down. Many are not even trying to come in anymore.|03-27-2017 01:04:42|21319|108475|false|846166053663191040
Twitter for iPhone|Democrats are smiling in D.C. that the Freedom Caucus, with the help of Club For Growth and Heritage, have saved Planned Parenthood &amp; Ocare!|03-26-2017 12:21:58|15590|64422|false|845974102619906048
Twitter for iPhone|Thanks you for all of the Trump Rallies today. Amazing support. We will all MAKE AMERICA GREAT AGAIN!|03-25-2017 22:37:02|21430|117494|false|845766504608120833
Twitter for Android|Watch @JudgeJeanine on @FoxNews tonight at 9:00 P.M.|03-25-2017 14:41:14|10116|51247|false|845646761704243200
Twitter for Android|ObamaCare will explode and we will all get together and piece together a great healthcare plan for THE PEOPLE. Do not worry!|03-25-2017 14:37:52|22518|104321|false|845645916732358656
Twitter for iPhone|Happy #MedalOfHonorDay to our heroes! ‚û°Ô∏èhttps://t.co/juAB1RmMh0 https://t.co/Sw5ea1OwUf|03-25-2017 13:29:17|14139|68302|false|845628655493677056
Twitter for iPhone|Today, I was thrilled to announce a commitment of $25 BILLION &amp; 20K AMERICAN JOBS over the next 4 years. THANK YOU‚Ä¶ https://t.co/nWJ1hNmzoR|03-24-2017 17:59:42|20212|89339|false|845334323045765121
Twitter for iPhone|Today, I was pleased to announce the official approval of the presidential permit for the #KeystonePipeline. A grea‚Ä¶ https://t.co/GWNo2XAueg|03-24-2017 17:03:46|12933|66692|false|845320243614547968
Twitter for iPhone|The irony is that the Freedom Caucus, which is very pro-life and against Planned Parenthood, allows P.P. to continue if they stop this plan!|03-24-2017 12:23:00|13364|61991|false|845249587178819584
Twitter for iPhone|After seven horrible years of ObamaCare (skyrocketing premiums &amp; deductibles, bad healthcare), this is finally your chance for a great plan!|03-24-2017 12:14:32|12566|68241|false|845247455868391425
Twitter for iPhone|It was an honor to welcome so many truckers and trucking industry leaders to the @WhiteHouse today! https://t.co/M1veooVBNE|03-23-2017 22:19:43|16516|77882|false|845037368386207746
Twitter for iPhone|We are taking action to #RepealANDReplace #Obamacare! Contact your Rep &amp; tell them you support #AHCA. #PassTheBill‚Ä¶ https://t.co/5lsrDJXfzb|03-23-2017 16:07:55|9250|41226|false|844943801848414209
Twitter for iPhone|A great American, Kurt Cochran, was killed in the London terror attack. My prayers and condolences are with his family and friends.|03-23-2017 15:16:24|23258|117021|false|844930836663357440
Twitter for iPhone|Just watched the totally biased and fake news reports of the so-called Russia story on NBC and ABC. Such dishonesty!|03-23-2017 12:18:33|21324|94648|false|844886082663698436
Twitter for iPhone|Spoke to U.K. Prime Minister Theresa May today to offer condolences on the terrorist attack in London. She is strong and doing very well.|03-23-2017 01:33:54|19750|117705|false|844723847094026242
Twitter for iPhone|RT @mitchellvii: Trump always ends up being right.  It's almost a little freaky.|03-23-2017 01:04:32|18742|0|true|844716458844311553
Twitter for iPhone|RT @mitchellvii: EXACTLY AS I SAID - House Intel Chair: We Cannot Rule Out Sr. Obama Officials Were Involved in Trump Surveillance https://‚Ä¶|03-23-2017 01:03:18|13778|0|true|844716149828993025
Twitter for iPhone|Big day for healthcare. Working hard!|03-22-2017 13:09:35|13100|89890|false|844536536930619393
Twitter for iPhone|Today on #NationalAgDay, we honor our great American farmers &amp; ranchers. Their hard work &amp; dedication are ingrained‚Ä¶ https://t.co/IpGRhly2zj|03-21-2017 18:12:05|14861|67189|false|844250273740738562
Twitter for iPhone|Honored to sign S.442 today. With this legislation, we support @NASA's scientists, engineers, and astronauts in the‚Ä¶ https://t.co/Z5VwluvJQx|03-21-2017 17:33:23|14933|66831|false|844240534562594817
Twitter for iPhone|Joined the @HouseGOP Conference this morning at the U.S. Capitol. https://t.co/03e4YBIWr0 #PassTheBill #MAGAüá∫üá∏‚Ä¶ https://t.co/3swdFWGQtP|03-21-2017 17:02:31|6104|36015|false|844232766711648256
Twitter for iPhone|Thank you Louisville, Kentucky. Together, we will MAKE AMERICA SAFE AND GREAT AGAIN! https://t.co/qGgWEWUvek|03-21-2017 02:18:20|14694|76178|false|844010257454153729
Twitter for iPhone|Thank you Louisville, Kentucky- on my way! #MAGAüá∫üá∏ https://t.co/3QsBsib6kt|03-20-2017 23:03:36|11182|61295|false|843961248811225089
Twitter for iPhone|Congratulations Eric &amp; Lara. Very proud and happy for the two of you! https://t.co/s0T3cTQc40|03-20-2017 17:15:18|13712|101328|false|843873596963459072
Twitter for iPhone|What about all of the contact with the Clinton campaign and the Russians? Also, is it true that the DNC would not let the FBI in to look?|03-20-2017 13:14:49|21762|82212|false|843813078076719107
Twitter for iPhone|Just heard Fake News CNN is doing polls again despite the fact that their election polls were a WAY OFF disaster. Much higher ratings at Fox|03-20-2017 12:35:14|18554|90586|false|843803115044454402
Twitter for iPhone|The real story that Congress, the FBI and all others should be looking into is the leaking of Classified information. Must find leaker now!|03-20-2017 11:02:57|16524|64829|false|843779892776964097
Twitter for iPhone|The Democrats made up and pushed the Russian story as an excuse for running a terrible campaign. Big advantage in Electoral College &amp; lost!|03-20-2017 10:49:48|20285|88161|false|843776582825267201
Twitter for iPhone|James Clapper and others stated that there is no evidence Potus colluded with Russia. This story is FAKE NEWS and everyone knows it!|03-20-2017 10:35:28|17306|71349|false|843772976151642112
Twitter for iPhone|#ICYMI: Weekly Address ‚û°Ô∏èhttps://t.co/ckVx2zgA1x https://t.co/dTGZLvlsGv|03-19-2017 20:20:22|7472|36626|false|843557782666317826
Twitter for iPhone|...vast sums of money to NATO &amp; the United States must be paid more for the powerful, and very expensive, defense it provides to Germany!|03-18-2017 13:23:37|19439|86753|false|843090516283723776
Twitter for iPhone|Despite what you have heard from the FAKE NEWS, I had a GREAT meeting with German Chancellor Angela Merkel. Nevertheless, Germany owes.....|03-18-2017 13:15:41|21088|95449|false|843088518339612673
Twitter for iPhone|Great meeting with the @RepublicanStudy Committee this morning at the @WhiteHouse! https://t.co/8Y2UoHoYaY|03-17-2017 15:39:10|8244|46668|false|842762240184999936
Twitter for iPhone|"The President Changed. So Has Small Businesses' Confidence"https://t.co/daTGjPmYeJ|03-17-2017 14:07:26|11473|51602|false|842739155230740481
Twitter for iPhone|North Korea is behaving very badly. They have been "playing" the United States for years. China has done little to help!|03-17-2017 13:07:15|20995|89407|false|842724011234791424
Twitter for iPhone|RT @foxandfriends: FOX NEWS ALERT: Jihadis using religious visa to enter US, experts warn (via @FoxFriendsFirst) https://t.co/pwXeR9OMQC|03-17-2017 12:34:17|11472|0|true|842715710765830147
Twitter for iPhone|RT @foxandfriends: VIDEO: Rep. Scalise ‚Äî GOP agrees on over 85 percent of health care bill https://t.co/05dtfjAUbx|03-17-2017 12:30:25|3436|0|true|842714739365105664
Twitter for iPhone|RT @AmericaFirstPol: MAJOR IMPACT: @POTUS Trump is 50 Days in and moving swiftly to get America back on the right track. #MAGA https://t.c‚Ä¶|03-17-2017 12:26:12|6006|0|true|842713677174358016
Twitter for iPhone|RT @FoxNews: Jobs created in February. https://t.co/sOaMDxxTA8|03-17-2017 12:20:22|7649|0|true|842712210896052225
Twitter for iPhone|Happy L√° Fheile Phadraig to all of my great Irish friends!|03-17-2017 12:12:04|12118|68486|false|842710123852320770
Twitter for iPhone|RT @DiamondandSilk: When the President says "You're Fired"     That means: "Pack Yo Stuff and Go, Not Say "You Refuse to Go!  #DrainTheSwam‚Ä¶|03-17-2017 09:35:58|10854|0|true|842670836905639936
Twitter for iPhone|My representatives had a great meeting w/ the Hispanic Chamber of Commerce at the WH today. Look forward to tremendous growth &amp; future mtgs!|03-16-2017 22:43:32|10595|64627|false|842506649122279425
Twitter for iPhone|Great progress on healthcare. Improvements being made - Republicans coming together!|03-16-2017 21:54:02|11256|70239|false|842494190990901248
Twitter for iPhone|RT @USHCC: USHCC was delighted to host @IvankaTrump for a roundtable discussion w/ Hispanic women biz owners today in Washington #USHCCLegi‚Ä¶|03-16-2017 21:43:07|7391|0|true|842491443675611138
Twitter for iPhone|An honor to welcome the Taoiseach of Ireland, @EndaKennyTD to the @WhiteHouse today with @VP Pence. üá∫üá∏üáÆüá™ https://t.co/J3iTl2iSiQ|03-16-2017 20:09:38|10786|53018|false|842467917639913472
Twitter for iPhone|A budget that puts #AmericaFirst must make safety its no. 1 priority‚Äîwithout safety there can be no prosperity: https://t.co/9lxx1iQo7m|03-16-2017 15:52:22|14546|68627|false|842403173742579714
Twitter for iPhone|Thank you Nashville, Tennessee! https://t.co/6snvQ0DzXN|03-16-2017 04:20:41|15166|80319|false|842229104434913280
Twitter for iPhone|In Nashville, Tennessee! Lets MAKE AMERICA GREAT AGAIN! https://t.co/m5UR4vv6UH|03-16-2017 00:03:23|16683|86434|false|842164356297175040
Twitter for iPhone|Thank you Andrew Jackson! #POTUS7 #USAüá∫üá∏ https://t.co/GToWsWXiNv|03-15-2017 23:25:25|13334|66816|false|842154802058543105
Twitter for iPhone|I will be interviewed by @TuckerCarlson tonight at 9:00 P.M. on @FoxNews. Enjoy!|03-15-2017 20:55:52|9500|59957|false|842117164144431104
Twitter for iPhone|CEO's most optimistic since 2009. It will only get better as we continue to slash unnecessary regulations and when we begin our big tax cut!|03-15-2017 12:14:20|14336|80595|false|841985915778142209
Twitter for iPhone|Looking forward to a big rally in Nashville, Tennessee, tonight. Big crowd of great people expected. Will be fun!|03-15-2017 11:29:05|14352|84918|false|841974528683192320
Twitter for iPhone|Will be going to Detroit, Michigan (love), today for a big meeting on bringing back car production to State &amp; U.S. Already happening!|03-15-2017 11:13:58|14913|89398|false|841970726341074945
Twitter for iPhone|Can you imagine what the outcry would be if @SnoopDogg, failing career and all, had aimed and fired the gun at President Obama? Jail time!|03-15-2017 11:02:40|40630|127012|false|841967881516679168
Twitter for iPhone|Does anybody really believe that a reporter, who nobody ever heard of, "went to his mailbox" and found my tax returns? @NBCNews  FAKE NEWS!|03-15-2017 10:55:30|25824|102694|false|841966077005463553
Twitter for iPhone|Great optimism in America ‚Äì and the results will be even better! https://t.co/SYBl47CsZn|03-14-2017 16:12:22|12406|62952|false|841683431398469632
Twitter for iPhone|JOBS, JOBS, JOBS! https://t.co/wAkQMKdPXA|03-14-2017 15:00:25|24676|99054|false|841665325682827265
Twitter for iPhone|Meeting w/ Washington, D.C. @MayorBowser and Metro GM Paul Wiedefeld about incoming winter storm preparations here‚Ä¶ https://t.co/mg0A4Hq3bD|03-13-2017 22:54:16|8053|48515|false|841422186573369345
Twitter for iPhone|Proud to welcome our great Cabinet this afternoon for our first meeting. Unfortunately 4 seats were empty because S‚Ä¶ https://t.co/bMYph832hF|03-13-2017 20:57:02|15791|71930|false|841392683625172992
Twitter for iPhone|Healthcare listening session w/ @VP &amp; @SecPriceMD. Watch: https://t.co/5ayQ4dr8Ip #ReadTheBill:‚Ä¶ https://t.co/1cQI0ZBUv8|03-13-2017 17:20:15|6846|39015|false|841338126316511233
Twitter for iPhone|ObamaCare is imploding. It is a disaster and 2017 will be the worst year yet, by far! Republicans will come together and save the day.|03-13-2017 13:11:17|10454|58300|false|841275470796738560
Twitter for iPhone|It is amazing how rude much of the media is to my very hard working representatives. Be nice, you will do much better!|03-13-2017 12:52:29|19556|100557|false|841270741060464648
Twitter for iPhone|RT @AmericaFirstPol: .@POTUS Trump led a historic journey to the White House. 50 days in, that historic journey continues. Take a look üëâ ht‚Ä¶|03-12-2017 12:36:59|6868|0|true|840904454836781056
Twitter for iPhone|We are making great progress with healthcare. ObamaCare is imploding and will only get worse. Republicans coming together to get job done!|03-11-2017 14:39:07|16563|103623|false|840572799202783233
Twitter for iPhone|Weekly Address - 11:00 A.M. at the @WhiteHouse! #MAGAüá∫üá∏‚û°Ô∏èhttps://t.co/YSaPJnSX2i https://t.co/Gb8iTGzb6j|03-10-2017 15:40:53|8650|42988|false|840225958854561792
Twitter for iPhone|RT @DRUDGE_REPORT: GREAT AGAIN:  +235,000 https://t.co/GkockGNdtC|03-10-2017 13:45:02|7724|0|true|840196801009451009
Twitter for iPhone|RT @foxandfriends: "Never give up....that's the worst thing you could do. There's always a chance." -Kyle Coddington's message to those als‚Ä¶|03-10-2017 13:32:05|9419|0|true|840193545046773760
Twitter for iPhone|Honored to meet this years @SenateYouth delegates w/ @VP Pence in the East Room of the @WhiteHouse. Congratulations‚Ä¶ https://t.co/oQIx7LybCV|03-09-2017 23:11:27|10506|56480|false|839976956703748096
Twitter for iPhone|'U.S. Consumer Comfort Just Reached Its Highest Level in a Decade' ‚û°Ô∏èhttps://t.co/S8nZgmeMMV https://t.co/xC0piRa6eP|03-09-2017 22:36:27|16144|67344|false|839968149890076672
Twitter for iPhone|Despite what you hear in the press, healthcare is coming along great. We are talking to many groups and it will end in a beautiful picture!|03-09-2017 17:01:17|21021|111369|false|839883804315684864
Twitter for iPhone|RT @foxnation: .@realDonaldTrump's First Full Month in Office Sees Biggest Jobs Gain 'In Years': Report: https://t.co/rx4bgI1MWK|03-09-2017 13:13:54|12324|0|true|839826581354921984
Twitter for iPhone|Great news. We are only just beginning. Together, we are going to #MAGA! https://t.co/BSp685Q9Qf https://t.co/K7yeBZsf6r|03-08-2017 23:54:16|21965|89867|false|839625347524096000
Twitter for iPhone|Met with @RepCummings today at the @WhiteHouse. Great discussion!|03-08-2017 23:50:25|7824|54222|false|839624377826230272
Twitter for Android|LinkedIn Workforce Report: January and February were the strongest consecutive months for hiring since August and September 2015|03-08-2017 12:11:25|15769|84906|false|839448469374894080
Twitter for iPhone|On International Women's Day, join me in honoring the critical role of women here in America &amp; around the world.|03-08-2017 11:13:44|21689|115070|false|839433951957696513
Twitter for iPhone|I have tremendous respect for women and the many roles they serve that are vital to the fabric of our society and our economy.|03-08-2017 11:12:39|23139|120999|false|839433678275153921
Twitter for iPhone|I feel sure that my friend @RandPaul will come along with the new and great health care program because he knows Obamacare is a disaster!|03-08-2017 00:14:30|15496|81422|false|839268048313929729
Twitter for Android|Don't let the FAKE NEWS tell you that there is big infighting in the Trump Admin. We are getting along great, and getting major things done!|03-07-2017 14:14:03|25982|121937|false|839116941956640768
Twitter for Android|I am working on a new system where there will be competition in the Drug Industry. Pricing for the American people will come way down!|03-07-2017 13:46:28|23777|124413|false|839110000870109184
Twitter for Android|Don't worry, getting rid of state lines, which will promote competition, will be in phase 2 &amp; 3 of healthcare rollout. @foxandfriends|03-07-2017 13:41:58|16405|82197|false|839108868584124417
Twitter for Android|For eight years Russia "ran over" President Obama, got stronger and stronger, picked-off Crimea and added missiles. Weak! @foxandfriends|03-07-2017 13:13:20|17573|78880|false|839101660886614016
Twitter for Android|Our wonderful new Healthcare Bill is now out for review and negotiation. ObamaCare is a complete and total disaster - is imploding fast!|03-07-2017 12:13:59|15068|81473|false|839086723552411648
Twitter for Android|122 vicious prisoners, released by the Obama Administration from Gitmo, have returned to the battlefield. Just another terrible decision!|03-07-2017 12:04:13|22911|92823|false|839084268991229952
Twitter for iPhone|Thank you to @exxonmobil for your $20 billion investment that is creating more than 45,000 manufacturing &amp; construction jobs in the USA!|03-07-2017 03:50:49|19379|99441|false|838960097674002432
Twitter for iPhone|Buy American &amp; hire American are the principles at the core of my agenda, which is: JOBS, JOBS, JOBS! Thank you @exxonmobil.|03-07-2017 03:49:54|16192|87209|false|838959869772328960
Twitter for iPhone|There is an incredible spirit of optimism sweeping the country right now‚Äîwe're bringing back the JOBS! https://t.co/BNSLvKiEVj|03-06-2017 23:49:53|25176|108591|false|838899465390018560
Twitter for iPhone|45,000 construction &amp; manufacturing jobs in the U.S. Gulf Coast region. $20 billion investment. We are already winning again, America!|03-06-2017 21:22:15|24663|116785|false|838862312685637640
Twitter for iPhone|Buy American &amp; hire American are the principals at the core of my agenda, which is: JOBS, JOBS, JOBS! Thank you @exxonmobil.|03-06-2017 21:21:32|13723|65634|false|838862131852369922
Twitter for iPhone|'President Trump Congratulates Exxon Mobil for Job-Creating Investment Program'https://t.co/adBzWhtq8S|03-06-2017 21:19:04|12846|70675|false|838861512999649286
Twitter for iPhone|Thank you for the great rallies all across the country. Tremendous support. Make America Great Again!|03-05-2017 17:30:11|30764|172217|false|838441522546769923
Twitter for Android|Who was it that secretly said to Russian President, "Tell Vladimir that after the election I'll have more flexibility?" @foxandfriends|03-05-2017 11:40:20|37134|126453|false|838353481526312961
Twitter for Android|Is it true the DNC would not allow the FBI access to check server or other equipment after learning it was hacked? Can that be possible?|03-05-2017 11:32:22|24515|96318|false|838351476401520640
Twitter for Android|Arnold Schwarzenegger isn't voluntarily leaving the Apprentice, he was fired by his bad (pathetic) ratings, not by me. Sad end to great show|03-04-2017 13:19:29|23117|106606|false|838016045222854656
Twitter for Android|How low has President Obama gone to tapp my phones during the very sacred election process. This is Nixon/Watergate. Bad (or sick) guy!|03-04-2017 12:02:48|52836|162336|false|837996746236182529
Twitter for Android|I'd bet a good lawyer could make a great case out of the fact that President Obama was tapping my phones in October, just prior to Election!|03-04-2017 11:52:54|37162|131657|false|837994257566863360
Twitter for Android|Is it legal for a sitting President to be "wire tapping" a race for president prior to an election? Turned down by court earlier. A NEW LOW!|03-04-2017 11:49:00|36359|123508|false|837993273679560704
Twitter for Android|Just out: The same Russian Ambassador that met Jeff Sessions visited the Obama White House 22 times, and 4 times last year alone.|03-04-2017 11:42:59|37452|121080|false|837991759045079040
Twitter for Android|Terrible! Just found out that Obama had my "wires tapped" in Trump Tower just before the victory. Nothing found. This is McCarthyism!|03-04-2017 11:35:20|50573|143525|false|837989835818287106
Twitter for Android|The first meeting Jeff Sessions had with the Russian Amb was set up by the Obama Administration under education program for 100 Ambs......|03-04-2017 11:26:47|24412|88057|false|837987684660412416
Twitter for iPhone|MAKE AMERICA GREAT AGAIN! https://t.co/kuQiZDz4rA|03-03-2017 22:13:10|36635|122851|false|837787963027144706
Twitter for iPhone|I hereby demand a second investigation, after Schumer, of Pelosi for her close ties to Russia, and lying about it. https://t.co/qCDljfF3wN|03-03-2017 21:02:23|39957|121937|false|837770149767827456
Twitter for iPhone|I hearby demand a second investigation, after Schumer, of Pelosi for her close ties to Russia, and lying about it. https://t.co/qCDljfF3wN|03-03-2017 20:49:53|11|4|false|837767004236955649
Twitter for iPhone|We must fix our education system for our kids to Make America Great Again. Wonderful day at Saint Andrew in Orlando. https://t.co/OTJaHcvLzf|03-03-2017 20:48:21|16510|83126|false|837766616603586560
Twitter for iPhone|I hear by demand a second investigation, after Schumer, of Pelosi for her close ties to Russia, and lying about it. https://t.co/qCDljfF3wN|03-03-2017 20:47:30|41|93|false|837766402937393155
Twitter for iPhone|We should start an immediate investigation into @SenSchumer and his ties to Russia and Putin. A total hypocrite! https://t.co/Ik3yqjHzsA|03-03-2017 17:54:30|54593|150081|false|837722869106880517
Twitter for iPhone|Weekly AddressJoin me here: https://t.co/SEavQK5zy5 https://t.co/EnyXYeqgcp|03-03-2017 16:41:55|10173|53969|false|837704599704375296
Twitter for Android|It is so pathetic that the Dems have still not approved my full Cabinet.|03-03-2017 12:19:12|27814|136744|false|837638488656920576
Twitter for Android|Nick Adams new book, Green Card Warrior, is a must read. The merit-based system is the way to go. Canada, Australia! @foxandfriends|03-03-2017 12:00:39|13812|66624|false|837633820417482754
Twitter for Android|...is all of the illegal leaks of classified and other information. It is a total "witch hunt!"|03-03-2017 02:38:48|18089|93134|false|837492425283219458
Twitter for Android|...to win. The Democrats are overplaying their hand. They lost the election, and now they have lost their grip on reality. The real story...|03-03-2017 02:35:33|23200|109820|false|837491607171629057
Twitter for Android|...intentional. This whole narrative is a way of saving face for Democrats losing an election that everyone thought they were supposed.....|03-03-2017 02:27:29|17470|90273|false|837489578193846278
Twitter for Android|Jeff Sessions is an honest man. He did not say anything wrong. He could have stated his response more accurately, but it was clearly not....|03-03-2017 02:22:49|19804|102261|false|837488402438176769
Twitter for Android|Since November 8th, Election Day, the Stock Market has posted $3.2 trillion in GAINS and consumer confidence is at a 15 year high. Jobs!|03-02-2017 11:00:41|37270|175684|false|837256338203881472
Twitter for Android|THANK YOU!|03-01-2017 13:38:44|27371|183969|false|836933725602656256
Twitter for iPhone|#JointSession #MAGAüá∫üá∏https://t.co/RDO6Jt2pip|03-01-2017 01:42:16|10160|63709|false|836753422271582208
Twitter for iPhone|Join me live at 9:00 P.M. #JointAddress https://t.co/J882zbyVkJ https://t.co/gTtK3vJmkU|03-01-2017 01:30:49|7388|54871|false|836750538943377408
Twitter for Android|I will be interviewed on @foxandfriends at 6:00 A.M. Enjoy!|02-28-2017 02:43:03|11039|82888|false|836406328369242113
Twitter for iPhone|GOP now viewed more favorably than Dems, in Trump era (per NBC/WSJ poll) via @HotlineJosh:https://t.co/Soebxtg2Zd|02-27-2017 21:48:21|14662|70544|false|836332166728527872
Twitter for iPhone|Great meeting with CEOs of leading U.S. health insurance companies who provide great healthcare to the American peo‚Ä¶ https://t.co/60jigi6ffS|02-27-2017 17:06:23|15400|89597|false|836261209540288513
Twitter for Android|Big dinner with Governors tonight at White House. Much to be discussed, including healthcare.|02-26-2017 20:13:52|15716|105941|false|835946001873657858
Twitter for Android|Russia talk is FAKE NEWS put out by the Dems, and played up by the media, in order to mask the big election defeat and the illegal leaks!|02-26-2017 18:16:41|24677|113140|false|835916511944523777
Twitter for Android|For first time the failing @nytimes will take an ad (a bad one) to help save its failing reputation. Try reporting accurately &amp; fairly!|02-26-2017 11:42:39|21792|109318|false|835817351178301440
Twitter for Android|The race for DNC Chairman was, of course, totally "rigged." Bernie's guy, like Bernie himself, never had a chance. Clinton demanded Perez!|02-26-2017 11:33:16|19073|87092|false|835814988686233601
Twitter for Android|Congratulations to Thomas Perez, who has just been named Chairman of the DNC. I could not be happier for him, or for the Republican Party!|02-25-2017 22:02:22|28744|130499|false|835610917568200705
Twitter for Android|I will not be attending the White House Correspondents' Association Dinner this year. Please wish everyone well and have a great evening!|02-25-2017 21:53:21|23860|123926|false|835608648625836032
Twitter for iPhone|Weekly Address from @WhiteHouse: https://t.co/uaoQSHBOQB https://t.co/7eF6aC6kEC|02-25-2017 18:12:25|10068|45735|false|835553050530099200
Twitter for Android|Great optimism for future of U.S. business, AND JOBS, with the DOW having an 11th straight record close. Big tax &amp; regulation cuts coming!|02-25-2017 13:27:04|19846|104027|false|835481237879926784
Twitter for Android|The media has not reported that the National Debt in my first month went down by $12 billion vs a $200 billion increase in Obama first mo.|02-25-2017 13:19:18|62450|201400|false|835479283699224576
Twitter for Android|Maybe the millions of people who voted to MAKE AMERICA GREAT AGAIN should have their own rally. It would be the biggest of them all!|02-25-2017 12:25:24|34603|158646|false|835465719970217984
Twitter for Android|FAKE NEWS media knowingly doesn't tell the truth. A great danger to our country. The failing @nytimes has become a joke. Likewise @CNN. Sad!|02-25-2017 03:09:18|26341|108710|false|835325771858251776
Twitter for iPhone|Trump vows to fight 'epidemic' of human trafficking https://t.co/oDLZ2NdrtA|02-24-2017 17:04:19|20245|91082|false|835173525522624512
Twitter for Android|Going to CPAC!|02-24-2017 13:49:27|8911|71701|false|835124485632180224
Twitter for Android|find the leakers within the FBI itself. Classified information is being given to media that could have a devastating effect on U.S. FIND NOW|02-24-2017 12:36:34|21720|100526|false|835106143462703104
Twitter for Android|The FBI is totally unable to stop the national security "leakers" that have permeated our government for a long time. They can't even......|02-24-2017 12:31:49|18342|81076|false|835104946034991106
Twitter for Android|Big interview tonight by Henry Kravis at The Business Council of Washington. Looking forward to it!|02-24-2017 00:06:44|8265|58140|false|834917440450609152
Twitter for Android|Seven people shot and killed yesterday in Chicago. What is going on there - totally out of control. Chicago needs help!|02-24-2017 00:01:40|23171|108261|false|834916167177371648
Twitter for iPhone|'S&amp;P 500 Edges Higher After Trump Renews Jobs Pledge' https://t.co/WtrRJVFmvU|02-23-2017 22:53:45|10563|56246|false|834899071982841856
Twitter for Android|Very much enjoyed my tour of the Smithsonian's National Museum of African American History and Culture...A great job done by amazing people!|02-22-2017 12:50:56|16220|116640|false|834384982495940613
Twitter for Android|One thing I will say about Rep. Keith Ellison, in his fight to lead the DNC, is that he was the one who predicted early that I would win!|02-22-2017 12:20:40|12132|79330|false|834377364947816448
Twitter for Android|The so-called angry crowds in home districts of some Republicans are actually, in numerous cases, planned out by liberal activists. Sad!|02-21-2017 23:23:13|26055|118125|false|834181712783560705
Twitter for iPhone|'Americans overwhelmingly oppose sanctuary cities' https://t.co/s5QvsJWA6u|02-21-2017 20:46:42|23693|106937|false|834142323881684993
Twitter for iPhone|Congratulations to our new National Security Advisor, General H.R. McMaster. Video: https://t.co/BKn9r225Kk https://t.co/VBXcJ1b6Pv|02-21-2017 00:38:40|16021|94069|false|833838311315763200
Twitter for Android|Just named General H.R. McMaster National Security Advisor.|02-20-2017 21:00:37|15766|106326|false|833783438922629125
Twitter for Android|Meeting with Generals at Mar-a-Lago in Florida. Very interesting!|02-20-2017 19:33:35|33|97|false|833761537525444608
Twitter for Android|HAPPY PRESIDENTS DAY - MAKE AMERICA GREAT AGAIN!|02-20-2017 14:33:33|48802|242519|false|833686030679207936
Twitter for Android|Give the public a break - The FAKE NEWS media is trying to say that large scale immigration in Sweden is working out just beautifully. NOT!|02-20-2017 14:15:42|34840|140919|false|833681539997253636
Twitter for Android|My statement as to what's happening in Sweden was in reference to a story that was broadcast on @FoxNews concerning immigrants &amp; Sweden.|02-19-2017 21:57:01|26224|112115|false|833435244451753984
Twitter for Android|Getting ready to leave for Melbourne, Florida. See you all soon!|02-18-2017 20:26:31|37|162|false|833050081641234435
Twitter for Android|Will be having many meetings this weekend at The Southern White House. Big 5:00 P.M. speech in Melbourne, Florida. A lot to talk about!|02-18-2017 13:51:20|15213|99263|false|832950628750127106
Twitter for Android|Don't believe the main stream (fake news) media.The White House is running VERY WELL. I inherited a MESS and am in the process of fixing it.|02-18-2017 13:31:53|39020|186074|false|832945737625387008
Twitter for Android|Looking forward to the Florida rally tomorrow. Big crowd expected!|02-18-2017 00:02:58|14143|99028|false|832742165436579840
Twitter for Android|"One of the most effective press conferences I've ever seen!" says Rush Limbaugh. Many agree.Yet FAKE MEDIA  calls it differently! Dishonest|02-17-2017 23:15:56|21751|120315|false|832730328108134402
Twitter for Android|The FAKE NEWS media (failing @nytimes, @NBCNews, @ABC, @CBS, @CNN) is not my enemy, it is the enemy of the American People!|02-17-2017 21:48:22|52654|162368|false|832708293516632065
Twitter for Android|The FAKE NEWS media (failing @nytimes, @CNN, @NBCNews and many more)    is not my enemy, it is the enemy of the American people. SICK!|02-17-2017 21:32:29|112|247|false|832704292993847296
Twitter for iPhone|Join me at 11:00am:Watch here: https://t.co/veqKmsGAwf https://t.co/UzndIjIqjM|02-17-2017 15:34:14|9912|56533|false|832614137586933760
Twitter for iPhone|General Keith Kellogg, who I have known for a long time, is very much in play for NSA - as are three others.|02-17-2017 13:16:22|10955|69643|false|832579442790772736
Twitter for Android|Thank you for all of the nice statements on the Press Conference yesterday. Rush Limbaugh said one of greatest ever. Fake media not happy!|02-17-2017 11:43:10|26347|150763|false|832555987299082242
Twitter for Android|Going to Charleston, South Carolina, in order to spend time with Boeing and talk jobs! Look forward to it.|02-17-2017 11:38:20|14334|99095|false|832554772318322688
Twitter for Android|Despite the long delays by the Democrats in finally approving Dr. Tom Price, the repeal and replacement of ObamaCare is moving fast!|02-17-2017 10:13:32|17252|102948|false|832533430168608768
Twitter for iPhone|'Trump signs bill undoing Obama coal mining rule' https://t.co/yMfT5r5RGh|02-16-2017 23:44:54|18722|93656|false|832375230274400256
Twitter for Android|The Democrats had to come up with a story as to why they lost the election, and so badly (306), so they made up a story - RUSSIA. Fake news!|02-16-2017 14:39:52|27003|121137|false|832238070460186625
Twitter for Android|FAKE NEWS media, which makes up stories and "sources," is far more effective than the discredited Democrats - but they are fading fast!|02-16-2017 14:10:49|19854|99214|false|832230758299340800
Twitter for Android|The spotlight has finally been put on the low-life leakers! They will be caught!|02-16-2017 12:02:59|25247|126205|false|832198588201594880
Twitter for Android|Leaking, and even illegal classified leaking, has been a big problem in Washington for years. Failing @nytimes (and others) must apologize!|02-16-2017 11:58:43|17274|89827|false|832197515248275456
Twitter for Android|Stock market hits new high with longest winning streak in decades. Great level of confidence and optimism - even before tax plan rollout!|02-16-2017 11:34:46|23643|127764|false|832191485701451777
Twitter for iPhone|Venezuela should allow Leopoldo Lopez, a political prisoner &amp; husband of @liliantintori (just met w/ @marcorubio) o‚Ä¶ https://t.co/HhgE51dtSN|02-15-2017 23:59:26|53977|110166|false|832016501657968640
Twitter for iPhone|Aetna CEO: Obamacare in 'Death Spiral' #RepealAndReplace https://t.co/dmHL7xIEQv|02-15-2017 21:34:05|14576|58732|false|831979921555742732
Twitter for iPhone|Join me in Florida this Saturday at 5pm for a rally at the Orlando-Melbourne International Airport!Tickets:‚Ä¶ https://t.co/OigfXFECPp|02-15-2017 19:45:16|17852|72138|false|831952535544070145
Twitter for iPhone|Welcome to the United States, @IsraeliPM Benjamin &amp; Sara!#ICYMIüá∫üá∏üáÆüá±Joint Press Conference: https://t.co/GN6ALWUusN https://t.co/bH60nBL5FP|02-15-2017 19:17:59|14224|74512|false|831945670324060164
Twitter for iPhone|Great listening session with CEO's of the Retail Industry Leaders Association this morning! https://t.co/sy6xJcWfcF|02-15-2017 16:34:27|10692|66081|false|831904516316479489
Twitter for Android|The real scandal here is that classified information is illegally given out by "intelligence" like candy. Very un-American!|02-15-2017 13:13:10|31903|128448|false|831853862281699331
Twitter for Android|Crimea was TAKEN by Russia during the Obama Administration. Was Obama too soft on Russia?|02-15-2017 12:42:20|25351|100698|false|831846101179314177
Twitter for Android|Thank you to Eli Lake of The Bloomberg View - "The NSA &amp; FBI...should not interfere in our politics...and is" Very serious situation for USA|02-15-2017 12:28:37|16346|77692|false|831842652085686273
Twitter for Android|Information is being illegally given to the failing @nytimes &amp; @washingtonpost by the intelligence community (NSA and FBI?).Just like Russia|02-15-2017 12:19:18|21143|80376|false|831840306161123328
Twitter for Android|This Russian connection non-sense is merely an attempt to cover-up the many mistakes made in Hillary Clinton's losing campaign.|02-15-2017 12:08:12|27541|117900|false|831837514226921472
Twitter for Android|The fake news media is going crazy with their conspiracy theories and blind hatred. @MSNBC &amp; @CNN are unwatchable. @foxandfriends is great!|02-15-2017 11:40:32|25838|104434|false|831830548565852160
Twitter for iPhone|Obamacare continues to fail. Humana to pull out in 2018. Will repeal, replace &amp; save healthcare for ALL Americans. https://t.co/glWEQ0lNR4|02-14-2017 22:50:33|17872|87852|false|831636777110757377
Twitter for iPhone|'Remarks by President Trump at Signing of H.J. Resolution 41'https://t.co/Q3MoCGAc54 https://t.co/yGDDTKm9Br|02-14-2017 21:48:10|8503|46093|false|831621079747723264
Twitter for iPhone|Great parent-teacher listening session this morning with @VP Pence &amp; @usedgov Secretary @BetsyDeVos. Watch:‚Ä¶ https://t.co/nuLTs513Ot|02-14-2017 20:21:59|11349|59006|false|831599387906301952
Twitter for Android|The real story here is why are there so many illegal leaks coming out of Washington? Will these leaks be happening as I deal on N.Korea etc?|02-14-2017 14:28:54|26588|111318|false|831510532318429184
Twitter for iPhone|Congratulations to our new #VASecretary Dr. David Shulkin. Time to take care of Veterans who have fought to protect‚Ä¶ https://t.co/FNewjbHuw4|02-14-2017 03:30:45|16252|90851|false|831344902990655489
Twitter for iPhone|Congratulations Treasury Secretary Steven Mnuchin! #ICYMI- watch here: https://t.co/RPsmw4yD7y https://t.co/K8tWLlXiYK|02-14-2017 02:57:05|10918|63937|false|831336432073658368
Twitter for iPhone|Wonderful meeting with Canadian PM @JustinTrudeau and a group of leading CEO's &amp; business women from Canadaüá®üá¶and th‚Ä¶ https://t.co/wAoCOaYeZ6|02-13-2017 18:50:57|15431|85397|false|831214091993751552
Twitter for iPhone|Welcome to the @WhiteHouse Prime Minister @JustinTrudeau! https://t.co/WKgF8Zo9ri|02-13-2017 16:59:06|13466|84754|false|831185943482793986
Twitter for iPhone|Today I will meet with Canadian PM Trudeau and a group of leading business women to discuss women in the workforce. https://t.co/bFAHPRXHdP|02-13-2017 15:53:08|11763|74360|false|831169341358014475
Twitter for Android|Just leaving Florida. Big crowds of enthusiastic supporters lining the road that the FAKE NEWS media refuses to mention. Very dishonest!|02-12-2017 22:19:05|25504|141359|false|830904083519242241
Twitter for iPhone|Congratulations Stephen Miller- on representing me this morning on the various Sunday morning shows. Great job!|02-12-2017 15:41:55|16088|102935|false|830804130692268032
Twitter for Android|I know Mark Cuban well. He backed me big-time but I wasn't interested in taking all of his calls.He's not smart enough to run for president!|02-12-2017 13:23:18|15285|82264|false|830769247185952772
Twitter for Android|After two days of very productive talks, Prime Minister Abe is heading back to Japan. L|02-12-2017 13:04:49|13121|82736|false|830764596235485188
Twitter for Android|While on FAKE NEWS @CNN, Bernie Sanders was cut off for using the term fake news to describe the network. They said technical difficulties!|02-12-2017 12:14:16|25000|113074|false|830751875578355713
Twitter for Android|72% of refugees admitted into U.S. (2/3 -2/11) during COURT BREAKDOWN are from 7 countries: SYRIA, IRAQ, SOMALIA, IRAN, SUDAN, LIBYA &amp; YEMEN|02-12-2017 11:55:10|22544|80492|false|830747067379232769
Twitter for Android|The crackdown on illegal criminals is merely the keeping of my campaign promise. Gang members, drug dealers &amp; others are being removed!|02-12-2017 11:34:45|29437|148471|false|830741932099960834
Twitter for iPhone|#ICYMI: Joint Statement with Prime Minister Shinzo Abe on North Korea. https://t.co/qEC87FKB1D|02-12-2017 05:02:01|14676|62151|false|830643095150657536
Twitter for iPhone|RT @Scavino45: LIVE Joint Statement by President Trump and Prime Minister Shinzo Abe: https://t.co/c3Fe5cUaaS|02-12-2017 03:23:13|4810|0|true|830618234726543360
Twitter for Android|A working dinner tonight with Prime Minister Abe of Japan, and his representatives, at the Winter White House (Mar-a-Lago). Very good talks!|02-11-2017 23:24:08|13843|97579|false|830558065715998726
Twitter for iPhone|Played golf today with Prime Minister Abe of Japan and @TheBig_Easy, Ernie Els, and had a great time. Japan is very well represented!|02-11-2017 23:15:34|13298|84098|false|830555911559249926
Twitter for Android|Playef golf today with Prime Minister Abe of Japan and @TheBig_Easy, Ernie Els, and had a great time. Japan is very well represented!|02-11-2017 23:07:52|8|1|false|830553970225590277
Twitter for Android|I am so proud of my daughter Ivanka. To be abused and treated so badly by the media, and to still hold her head so high, is truly wonderful!|02-11-2017 23:00:21|28439|207438|false|830552079240409089
Twitter for iPhone|Having a great time hosting Prime Minister Shinzo Abe in the United States! https://t.co/Fvjsac89qS‚Ä¶ https://t.co/hKqbMB2aQ9|02-11-2017 18:28:31|16879|92194|false|830483672096768001
Twitter for Android|Melania and I are hosting Japanese Prime Minister Shinzo Abe and Mrs. Abe at Mar-a-Lago in Palm Beach, Fla. They are a wonderful couple!|02-11-2017 13:33:53|16875|120072|false|830409522397184000
Twitter for Android|...design or negotiations yet. When I do, just like with the F-35 FighterJet or the Air Force One Program, price will come WAY DOWN!|02-11-2017 13:24:32|12905|83752|false|830407172747988992
Twitter for Android|I am reading that the great border WALL will cost more than the government originally thought, but I have not gotten involved in the.....|02-11-2017 13:18:43|14024|77068|false|830405706255912960
Twitter for Android|Our legal system is broken! "77% of refugees allowed into U.S. since travel reprieve hail from seven suspect countries." (WT)  SO DANGEROUS!|02-11-2017 12:12:51|23082|101179|false|830389130311921667
Twitter for iPhone|Heading to Joint Base Andrews on #MarineOne with Prime Minister Shinz≈ç earlier today. https://t.co/4JFhyYdeHO|02-10-2017 23:24:51|40351|160212|false|830195857530183684
Twitter for Android|The failing @nytimes does major FAKE NEWS China story saying "Mr.Xi has not spoken to Mr. Trump since Nov.14." We spoke at length yesterday!|02-10-2017 13:35:50|23732|106953|false|830047626414477312
Twitter for Android|LAWFARE: "Remarkably, in the entire opinion, the panel did not bother even to cite this (the) statute." A disgraceful decision!|02-10-2017 13:15:27|17556|89202|false|830042498806460417
Twitter for Android|SEE YOU IN COURT, THE SECURITY OF OUR NATION IS AT STAKE!|02-09-2017 23:35:49|67448|237614|false|829836231802515457
Twitter for iPhone|Join us live in the Oval Office for the swearing in of our new Attorney General, @SenatorSessions!LIVE:‚Ä¶ https://t.co/QeW6vjog4A|02-09-2017 15:58:01|10756|71140|false|829721019720015872
Twitter for Android|..Ryan died on a winning mission ( according to General Mattis), not a "failure." Time for the U.S. to get smart and start winning again!|02-09-2017 13:52:31|14900|91185|false|829689436279603206
Twitter for Android|...long he doesn't know how to win anymore, just look at the mess our country is in - bogged down in conflict all over the place. Our hero..|02-09-2017 13:31:59|11801|67986|false|829684271812067328
Twitter for Android|Sen. McCain should not be talking about the success or failure of a mission to the media. Only emboldens the enemy! He's been losing so....|02-09-2017 13:26:07|15800|85781|false|829682794951475200
Twitter for Android|Chris Cuomo, in his interview with Sen. Blumenthal, never asked him about his long-term lie about his brave "service" in Vietnam. FAKE NEWS!|02-09-2017 13:19:08|14894|73700|false|829681034564341760
Twitter for Android|Sen.Richard Blumenthal, who never fought in Vietnam when he said for years he had (major lie),now misrepresents what Judge Gorsuch told him?|02-09-2017 11:57:59|19352|84674|false|829660612452036608
Twitter for iPhone|Congratulations to our new Attorney General, @SenatorSessions! https://t.co/e0buP1K83z|02-09-2017 01:05:53|32534|163235|false|829496507841789952
Twitter for iPhone|'Trump administration seen as more truthful than news media'https://t.co/6LmsR5JOSW|02-08-2017 22:07:18|17626|87896|false|829451566000242688
Twitter for iPhone|'Majority in Leading EU Nations Support Trump-Style Travel Ban' Poll of more than 10,000 people in 10 countries...https://t.co/KWsIWhtC9o|02-08-2017 21:46:14|21885|83029|false|829446266111287305
Twitter for iPhone|'Immigration Ban Is One Of Trump's Most Popular Orders So Far' https://t.co/wAelwuQ4BE|02-08-2017 19:39:51|30541|123007|false|829414457126313986
Twitter for iPhone|Thank you Brian Krzanich, CEO of @Intel. A great investment ($7 BILLION) in American INNOVATION and JOBS!‚Ä¶ https://t.co/oicfDsPKHQ|02-08-2017 19:22:33|22030|97758|false|829410107406614534
Twitter for Android|Big increase in traffic into our country from certain areas, while our people are far more vulnerable, as we wait for what should be EASY D!|02-08-2017 17:41:09|17539|88547|false|829384587482656768
Twitter for iPhone|'16 Fake News Stories Reporters Have Run Since Trump Won' https://t.co/0dHld5kiVc|02-08-2017 15:54:01|19076|64126|false|829357626798530561
Twitter for iPhone|My daughter Ivanka has been treated so unfairly by @Nordstrom. She is a great person -- always pushing me to do the right thing! Terrible!|02-08-2017 15:51:01|27189|142427|false|829356871848951809
Twitter for iPhone|Thank you to our great Police Chiefs &amp; Sheriffs for your leadership &amp; service. You have a true friend in the‚Ä¶ https://t.co/Lysnv8ZR1h|02-08-2017 15:23:29|16188|90091|false|829349943613734912
Twitter for Android|I will be speaking at 9:00 A.M. today to Police Chiefs and Sheriffs and will be discussing the horrible, dangerous and wrong decision.......|02-08-2017 13:04:47|10807|74978|false|829315036329963521
Twitter for Android|If the U.S. does not win this case as it so obviously should, we can never have the security and safety to which we are entitled. Politics!|02-08-2017 12:03:18|22277|114959|false|829299566344359936
Twitter for Android|It is a disgrace that my full Cabinet is still not in place, the longest such delay in the history of our country. Obstruction by Democrats!|02-08-2017 01:04:00|36410|157210|false|829133645055135750
Twitter for iPhone|An honor having the National Sheriffs' Assoc. join me at the @WhiteHouse. Incredible men &amp; women who protect &amp; serv‚Ä¶ https://t.co/1LkhbCNh8L|02-07-2017 16:25:13|18399|108216|false|829003091735359488
Twitter for iPhone|I don't know Putin, have no deals in Russia, and the haters are going crazy - yet Obama can make a deal with Iran, #1 in terror, no problem!|02-07-2017 12:11:29|50474|188271|false|828939235499638784
Twitter for Android|I don't know Putin, have no deals in Russia, and the haters are going crazy - yet Obama can make a deal with Iran, #1in terror, no problem!|02-07-2017 12:04:01|2|2|false|828937357147635713
Twitter for Android|The threat from radical Islamic terrorism is very real, just look at what is happening in Europe and the Middle-East. Courts must act fast!|02-07-2017 02:49:28|32538|145673|false|828797801630937089
Twitter for Android|The failing @nytimes was forced to apologize to its subscribers for the poor reporting it did on my election win. Now they are worse!|02-07-2017 02:33:55|16419|91894|false|828793887275761665
Twitter for iPhone|An extended interview from the Super Bowl with @oreillyfactor airs tonight at 8:00 P.M. Enjoy! https://t.co/kZdHqaNTVR|02-06-2017 23:33:52|8058|53603|false|828748574255091714
Twitter for Android|The failing @nytimes writes total fiction concerning me. They have gotten it wrong for two years, and now are making up stories &amp; sources!|02-06-2017 16:32:24|19275|96642|false|828642511698669569
Twitter for Android|Will be interviewed on @oreillyfactor tonight at 8:00 P.M.|02-06-2017 16:27:45|6|18|false|828641340313460736
Twitter for Android|I call my own shots, largely based on an accumulation of data, and everyone knows it. Some FAKE NEWS media, in order to marginalize, lies!|02-06-2017 12:07:55|23963|125344|false|828575949268606977
Twitter for Android|Any negative polls are fake news, just like the CNN, ABC, NBC polls in the election. Sorry, people want border security and extreme vetting.|02-06-2017 12:01:53|36259|161819|false|828574430800539648
Twitter for Android|What an amazing comeback and win by the Patriots. Tom Brady, Bob Kraft and Coach B are total winners. Wow!|02-06-2017 03:36:54|72934|267584|false|828447350200926212
Twitter for Android|Enjoy the #SuperBowl and then we continue: MAKE AMERICA GREAT AGAIN!|02-05-2017 22:49:42|36535|185073|false|828375073006444544
Twitter for Android|I will be interviewed by @oreillyfactor at 4:00 P.M. (prior to the #SuperBowl Pre-game Show) on Fox Network. Enjoy!|02-05-2017 20:47:25|147|541|false|828344301381939200
Twitter for Android|I have instructed Homeland Security to check people coming into our country VERY CAREFULLY. The courts are making the job very difficult!|02-05-2017 20:42:33|28490|147041|false|828343072840900610
Twitter for Android|Just cannot  believe a judge would put our country in such peril. If something happens blame him and court system. People pouring in. Bad!|02-05-2017 20:39:05|29114|138219|false|828342202174668800
Twitter for Android|The judge opens up our country to potential terrorists and others that do not have our best interests at heart. Bad people are very happy!|02-05-2017 00:48:12|28096|129523|false|828042506851934209
Twitter for Android|Interview with @oreillyfactor on Fox Network - 4:00 P.M. (prior to Super Bowl). Enjoy!|02-05-2017 00:34:50|11343|70877|false|828039143318024194
Twitter for Android|Why aren't the lawyers looking at and using the Federal Court decision in Boston, which is at conflict with ridiculous lift ban decision?|02-04-2017 23:37:59|17863|97489|false|828024835670413312
Twitter for Android|Because the ban was lifted by a judge, many very bad and dangerous people may be pouring into our country. A terrible decision|02-04-2017 21:44:49|29446|136941|false|827996357252243456
Twitter for Android|What is our country coming to when a judge can halt a Homeland Security travel ban and anyone, even with bad intentions, can come into U.S.?|02-04-2017 20:44:07|33272|148698|false|827981079042805761
Twitter for Android|MAKE AMERICA GREAT AGAIN!|02-04-2017 14:26:10|66140|255896|false|827885966509604865
Twitter for Android|After being forced to apologize for its bad and inaccurate coverage of me after winning the election, the FAKE NEWS @nytimes is still lost!|02-04-2017 13:39:27|17438|102747|false|827874208021639168
Twitter for Android|The opinion of this so-called judge, which essentially takes law-enforcement away from our country, is ridiculous and will be overturned!|02-04-2017 13:12:02|33518|159207|false|827867311054974976
Twitter for Android|Interesting that certain Middle-Eastern countries agree with the ban. They know if certain people are allowed in it's death &amp; destruction!|02-04-2017 13:06:39|28311|139881|false|827865957750161408
Twitter for Android|When a country is no longer able to say who can, and who cannot , come in &amp; out, especially for reasons of safety &amp;.security - big trouble!|02-04-2017 12:59:35|38069|175399|false|827864176043376640
Twitter for Android|Countries charge U.S. companies taxes or tariffs while the U.S. charges them nothing or little.We should charge them SAME as they charge us!|02-04-2017 03:07:47|27046|154637|false|827715246135574530
Twitter for Android|We must keep "evil" out of our country!|02-03-2017 23:08:38|44904|204985|false|827655062835052544
Twitter for Android|A new radical Islamic terrorist has just attacked in Louvre Museum in Paris. Tourists were locked down. France on edge again. GET SMART U.S.|02-03-2017 12:51:58|41566|163923|false|827499871011819520
Twitter for Android|Professional anarchists, thugs and paid protesters are proving the point of the millions of people who voted to MAKE AMERICA GREAT AGAIN!|02-03-2017 11:48:16|42421|172191|false|827483841589891073
Twitter for Android|Meeting with biggest business leaders this morning. Good jobs are coming back to U.S., health care and tax bills are being crafted NOW!|02-03-2017 11:41:11|19308|125846|false|827482059438432260
Twitter for Android|Thank you to Prime Minister of Australia for telling the truth about our very civil conversation that FAKE NEWS media lied about. Very nice!|02-03-2017 11:34:32|32508|148912|false|827480386120929280
Twitter for Android|Iran is playing with fire - they don't appreciate how "kind" President Obama was to them. Not me!|02-03-2017 11:28:02|64118|173210|false|827478751931924480
Twitter for Android|Yes, Arnold Schwarzenegger did a really bad job as Governor of California and even worse on the Apprentice...but at least he tried hard!|02-03-2017 11:24:51|23451|117196|false|827477947154063361
Twitter for iPhone|Thank you, @Samsung! We would love to have you! https://t.co/r5nxC9oOA4|02-02-2017 17:29:16|26161|125661|false|827207267632164868
Twitter for Android|Iran was on its last legs and ready to collapse until the U.S. came along and gave it a life-line in the form of the Iran Deal: $150 billion|02-02-2017 11:39:49|24173|97481|false|827119326880813056
Twitter for Android|Iran has been formally PUT ON NOTICE for firing a ballistic missile.Should have been thankful for the terrible deal the U.S. made with them!|02-02-2017 11:34:36|39629|121480|false|827118012784373760
Twitter for Android|Attending Chief Ryan Owens' Dignified Transfer yesterday with my daughter Ivanka was my great honor. To a great and brave man - thank you!|02-02-2017 11:25:40|16711|123763|false|827115768202534913
Twitter for Android|Congratulations to Rex Tillerson on being sworn in as our new Secretary of State. He will be a star!|02-02-2017 11:18:21|15883|115116|false|827113926517194757
Twitter for Android|If U.C. Berkeley does not allow free speech and practices violence on innocent people with a different point of view - NO FEDERAL FUNDS?|02-02-2017 11:13:13|60266|213655|false|827112633224544256
Twitter for Android|Do you believe it? The Obama Administration agreed to take thousands of illegal immigrants from Australia. Why? I will study this dumb deal!|02-02-2017 03:55:49|37373|152041|false|827002559122567168
Twitter for Android|Iran is rapidly taking over more and more of Iraq even after the U.S. has squandered three trillion dollars there. Obvious long ago!|02-02-2017 03:06:14|20915|93611|false|826990079738540033
Twitter for Android|Everybody is arguing whether or not it is a BAN. Call it what you want, it is about keeping bad people (with bad intentions) out of country!|02-01-2017 12:50:16|60583|252382|false|826774668245946368
Twitter for Android|Hope you like my nomination of Judge Neil Gorsuch for the United States Supreme Court. He is a good and brilliant man, respected by all.|02-01-2017 03:45:26|34238|250940|false|826637556787838976
Twitter for iPhone|Join me live from the @WhiteHouse.https://t.co/LHOs4nAaGl|02-01-2017 01:01:03|6621|53239|false|826596187453153281
Twitter for Android|Getting ready to deliver a VERY IMPORTANT DECISION!  8:00 P.M.|02-01-2017 00:31:08|16427|103201|false|826588658304217088
Twitter for Android|When will the Democrats give us our Attorney General and rest of Cabinet! They should be ashamed of themselves! No wonder D.C. doesn't work!|01-31-2017 11:27:02|38848|179221|false|826391334248407040
Twitter for Android|Nancy Pelosi and Fake Tears Chuck Schumer held a rally  at the steps of The Supreme Court and mic did not work (a mess)-just like Dem party!|01-31-2017 11:21:52|31063|152518|false|826390034693623809
Twitter for Android|The Democrats are delaying my cabinet picks for purely political reasons. They have nothing going but to obstruct. Now have an Obama A.G.|01-31-2017 00:45:50|27841|127361|false|826229971584708608
Twitter for iPhone|The American dream is back. We‚Äôre going to create an environment for small business like we haven‚Äôt had in many, ma‚Ä¶ https://t.co/Bh7SrNEgz1|01-30-2017 21:07:52|34595|176861|false|826175120238604288
Twitter for iPhone|Where was all the outrage from Democrats and the opposition party (the media) when our jobs were fleeing our country?|01-30-2017 14:23:49|32607|163273|false|826073437735100418
Twitter for Android|I have made my decision on who I will nominate for The United States Supreme Court. It will be announced live on Tuesday at 8:00 P.M. (W.H.)|01-30-2017 13:43:25|24983|127061|false|826063267760046080
Twitter for Android|If the ban were announced with a one week notice, the "bad" would rush into our country during that week. A lot of bad "dudes" out there!|01-30-2017 13:31:00|35502|171722|false|826060143825666051
Twitter for Android|There is nothing nice about searching for terrorists before they can enter our country. This was a big part of my campaign. Study the world!|01-30-2017 12:27:05|34992|173239|false|826044059647107073
Twitter for Android|protesters and the tears of Senator Schumer. Secretary Kelly said that all is going well with very few problems. MAKE AMERICA SAFE AGAIN!|01-30-2017 12:20:49|24007|133963|false|826042483155013632
Twitter for Android|Only 109 people out of 325,000 were detained and held for questioning. Big problems at airports were caused by Delta computer outage,.....|01-30-2017 12:16:30|30965|130943|false|826041397232943104
Twitter for iPhone|I will be interviewed by @TheBrodyFile on @CBNNews tonight at 11pm. Enjoy!|01-29-2017 23:39:53|11097|67714|false|825850987348914184
Twitter for iPhone|Statement Regarding Recent Executive Order Concerning Extreme Vetting: https://t.co/f6JO60I0Ul|01-29-2017 23:28:50|16894|69207|false|825848204633731074
Twitter for Android|...Senators should focus their energies on ISIS, illegal immigration and border security instead of always looking to start World War III.|01-29-2017 21:49:32|42371|170039|false|825823217025691648
Twitter for Android|The joint statement of former presidential candidates John McCain &amp; Lindsey Graham is wrong - they are sadly weak on immigration. The two...|01-29-2017 21:45:58|23764|107416|false|825822320128303110
Twitter for Android|Christians in the Middle-East have been executed in large numbers. We cannot allow this horror to continue!|01-29-2017 15:03:58|59432|223856|false|825721153142521858
Twitter for Android|Our country needs strong borders and extreme vetting, NOW. Look what is happening all over Europe and, indeed, the world - a horrible mess!|01-29-2017 13:08:18|50439|218717|false|825692045532618753
Twitter for Android|Somebody with aptitude and conviction should buy the FAKE NEWS and failing @nytimes and either run it correctly or let it fold with dignity!|01-29-2017 13:00:32|22256|111984|false|825690087857995776
Twitter for iPhone|I will be interviewed by @TheBrodyFile on @CBNNews tonight at 11pm. Enjoy!|01-28-2017 22:50:06|305|1300|false|825476070946328584
Twitter for iPhone|Today, we remember the crew of the Space Shuttle Challenger, 31 years later. #NeverForget https://t.co/OhshQsFRfl|01-28-2017 15:42:58|32623|170093|false|825368580325773312
Twitter for Android|...dwindling subscribers and readers.They got me wrong right from the beginning and still have not changed course, and never will. DISHONEST|01-28-2017 13:16:17|15990|105413|false|825331665509691393
Twitter for Android|Thr coverage about me in the @nytimes and the @washingtonpost gas been so false and angry that the times actually apologized to its.....|01-28-2017 13:08:42|13676|79522|false|825329757646618624
Twitter for Android|The failing @nytimes has been wrong about me from the very beginning. Said I would lose the primaries, then the general election. FAKE NEWS!|01-28-2017 13:04:58|20740|109402|false|825328817833123840
Twitter for iPhone|I promise that our administration will ALWAYS have your back. We will ALWAYS be with you! https://t.co/D0aOWhOH4X|01-27-2017 23:46:22|28954|149205|false|825127844066054144
Twitter for iPhone|Congratulations Secretary Mattis! https://t.co/mkuhbegzqS|01-27-2017 22:00:47|19030|111729|false|825101272982355968
Twitter for iPhone|Statement on International Holocaust Remembrance Day: https://t.co/KjU0MOxCHk|01-27-2017 20:20:15|10718|57833|false|825075972659613696
Twitter for iPhone|.@VP Mike Pence will be speaking at today's #MarchForLife -- You have our full support! https://t.co/1jb53SEGV4|01-27-2017 16:30:29|16032|88516|false|825018149397463040
Twitter for iPhone|The #MarchForLife is so important. To all of you marching --- you have my full support!|01-27-2017 16:27:02|45457|184954|false|825017279209410561
Twitter for Android|Mexico has taken advantage of the U.S. for long enough. Massive trade deficits &amp; little help on the very weak border must change, NOW!|01-27-2017 13:19:10|30604|160660|false|824970003153842176
Twitter for Android|Look forward to seeing final results of VoteStand. Gregg Phillips and crew say at least 3,000,000 votes were illegal. We must do better!|01-27-2017 13:12:52|17319|88640|false|824968416486387713
Twitter for iPhone|Miami-Dade Mayor drops sanctuary policy. Right decision. Strong! https://t.co/MtPvaDC4jM|01-26-2017 23:53:37|24835|112620|false|824767281146245120
Twitter for iPhone|Will be interviewed by @SeanHannity on @FoxNews at 10:00pm tonight. Enjoy!|01-26-2017 23:45:28|10658|73559|false|824765229527605248
Twitter for iPhone|Spoke at the Congressional @GOP Retreat in Philadelphia, PA. this afternoon w/ @VP, @SenateMajLdr, @SpeakerRyan. Th‚Ä¶ https://t.co/ALSADGrwoe|01-26-2017 19:21:17|11365|72438|false|824698743630995457
Twitter for iPhone|Spoke at the Congressional @GOP Retreat in Philadelphia, PA. this afternoon w/ @VP, @SenMajLeader, @SpeakerRyan. Th‚Ä¶ https://t.co/s4sTbSyBSR|01-26-2017 19:15:44|9|9|false|824697349335293952
Twitter for Android|of jobs and companies lost. If Mexico is unwilling to pay for the badly needed wall, then it would be better to cancel the upcoming meeting.|01-26-2017 13:55:03|28106|115631|false|824616644370714627
Twitter for Android|The U.S. has a 60 billion dollar trade deficit with Mexico. It has been a one-sided deal from the beginning of NAFTA with massive numbers...|01-26-2017 13:51:46|25881|106893|false|824615820391305216
Twitter for Android|Ungrateful TRAITOR Chelsea Manning, who should never have been released from prison, is now calling President Obama a weak leader. Terrible!|01-26-2017 11:04:24|28033|128497|false|824573698774601729
Twitter for Android|Interview with David Muir of @ABC News in 10 minutes. Enjoy!|01-26-2017 02:48:25|6517|53811|false|824448880993509376
Twitter for Android|"@romoabcnews: .@DavidMuir first @POTUS interview since taking office.  Tonight on @ABCWorldNews @ABC2020 tonight. https://t.co/I4Vz1mRdBK"|01-26-2017 02:45:32|6455|44924|false|824448156935081984
Twitter for iPhone|As your President, I have no higher duty than to protect the lives of the American people. https://t.co/o7YNUNwb8f|01-26-2017 02:14:56|29219|152335|false|824440456813707265
Twitter Web Client|Beginning today, the United States of America gets back control of its borders. Full speech from today @DHSgov:‚Ä¶ https://t.co/8aDaHsAhg9|01-26-2017 00:03:33|23095|109885|false|824407390674157568
Twitter for iPhone|I will be interviewed by @DavidMuir tonight at 10 o'clock on @ABC. Will be my first interview from the White House.‚Ä¶ https://t.co/4zuOrRdcoc|01-25-2017 22:05:59|12454|75988|false|824377804590563339
Twitter for Android|I will be making my Supreme Court pick on Thursday of next week.Thank you!|01-25-2017 12:17:01|21700|132199|false|824229586091307008
Twitter for Android|even, those registered to vote who are dead (and many for a long time). Depending on results, we will strengthen up voting procedures!|01-25-2017 12:13:46|18914|107227|false|824228768227217408
Twitter for Android|I will be asking for a major investigation into VOTER FRAUD, including those registered to vote in two states, those who are illegal and....|01-25-2017 12:10:01|26155|129979|false|824227824903090176
Twitter for Android|Big day planned on NATIONAL SECURITY tomorrow. Among many other things, we will build the wall!|01-25-2017 02:37:48|53949|193872|false|824083821889015809
Twitter for Android|If Chicago doesn't fix the horrible "carnage" going on, 228 shootings in 2017 with 42 killings (up 24% from 2016), I will send in the Feds!|01-25-2017 02:25:40|56038|209363|false|824080766288228352
Twitter for Android|Congratulations to @FoxNews for being number one in inauguration ratings. They were many times higher than FAKE NEWS @CNN - public is smart!|01-25-2017 02:16:19|32107|162721|false|824078417213747200
Twitter for iPhone|Great meeting with Ford CEO Mark Fields and General Motors CEO Mary Barra at the @WhiteHouse today. https://t.co/T0eIgO6LP8|01-25-2017 00:46:57|18697|101012|false|824055927200423936
Twitter for iPhone|Signing orders to move forward with the construction of the Keystone XL and Dakota Access pipelines in the Oval Off‚Ä¶ https://t.co/aOxmfO0vOK|01-24-2017 17:49:17|25694|131943|false|823950814163140609
Twitter for iPhone|Great meeting with automobile industry leaders at the @WhiteHouse this morning. Together, we will #MAGA! https://t.co/OXdiLOkGsZ|01-24-2017 17:04:01|16331|99607|false|823939422743830528
Twitter for iPhone|A photo delivered yesterday that will be displayed in the upper/lower press hall. Thank you Abbas! https://t.co/Uzp0ivvRp0|01-24-2017 16:58:06|20939|109406|false|823937936056008704
Twitter for Android|Will be meeting at 9:00 with top automobile executives concerning jobs in America. I want new plants to be built here for cars sold here!|01-24-2017 11:11:47|23743|154857|false|823850781946343427
Twitter for Android|Busy week planned with a heavy focus on jobs and national security. Top executives coming in at 9:00 A.M. to talk manufacturing in America.|01-23-2017 11:38:16|26750|177839|false|823495059010109440
Twitter for Android|Peaceful protests are a hallmark of our democracy. Even if I don't always agree, I recognize the rights of people to express their views.|01-22-2017 14:23:17|81527|390826|false|823174199036542980
Twitter for Android|Wow, television ratings just out: 31 million people watched the Inauguration, 11 million more than the very good ratings from 4 years ago!|01-22-2017 12:51:36|40085|217610|false|823151124815507460
Twitter for Android|Watched protests yesterday but was under the impression that we just had an election! Why didn't these people vote? Celebs hurt cause badly.|01-22-2017 12:47:21|45718|213295|false|823150055418920960
Twitter for Android|Had a great meeting at CIA Headquarters yesterday, packed house, paid great respect to Wall, long standing ovations, amazing people. WIN!|01-22-2017 12:35:09|16906|127677|false|823146987117772800
Twitter for iPhone|RT @WhiteHouse: "Do not allow anyone to tell you that it cannot be done. No challenge can match the HEART and FIGHT and SPIRIT of America."‚Ä¶|01-21-2017 23:54:31|28013|0|true|822955565949272065
Twitter for Android|A fantastic day and evening in Washington D.C.Thank you to @FoxNews and so many other news outlets for the GREAT reviews of the speech!|01-21-2017 11:53:41|23337|177579|false|822774162011910144
Twitter for iPhone|THANK YOU for another wonderful evening in Washington, D.C. TOGETHER, we will MAKE AMERICA GREAT AGAINüá∫üá∏ https://t.co/V3aoj9RUh4|01-21-2017 04:56:15|52468|289942|false|822669114237943808
Twitter for iPhone|TO ALL AMERICANSüá∫üá∏https://t.co/D7Es6ie4fY|01-20-2017 18:13:48|16522|92002|false|822507434396753921
Twitter for iPhone|So to all Americans, in every city near and far, small and large, from mountain to mountain...https://t.co/cZKkrGXLSi|01-20-2017 18:00:43|14039|86467|false|822504142178500608
Twitter for iPhone|It is time to remember that...https://t.co/ZKyOiOor62|01-20-2017 17:58:24|9139|58946|false|822503558369181697
Twitter for iPhone|We will follow two simple rules: BUY AMERICAN &amp; HIRE AMERICAN!#InaugurationDay #MAGAüá∫üá∏|01-20-2017 17:55:44|38092|161358|false|822502887477673984
Twitter for iPhone|We will bring back our jobs. We will bring back our borders. We will bring back our wealth - and we will bring back our dreams!|01-20-2017 17:54:36|37458|173821|false|822502601304526848
Twitter for iPhone|The forgotten men and women of our country will be forgotten no longer. From this moment on, it‚Äôs going to be #AmericaFirstüá∫üá∏|01-20-2017 17:54:00|34939|148031|false|822502450007515137
Twitter for iPhone|January 20th 2017, will be remembered as the day the people became the rulers of this nation again.|01-20-2017 17:53:17|60604|218555|false|822502270503972872
Twitter for iPhone|What truly matters is not which party controls our government, but whether our government is controlled by the people.|01-20-2017 17:52:45|42790|180394|false|822502135233384448
Twitter for iPhone|power from Washington, D.C. and giving it back to you, the American People. #InaugurationDay|01-20-2017 17:51:58|18362|91143|false|822501939267141634
Twitter for iPhone|Today we are not merely transferring power from one Administration to another, or from one party to another ‚Äì but we are transferring...|01-20-2017 17:51:25|20125|109640|false|822501803615014918
Twitter for Android|It all begins today! I will see you at 11:00 A.M. for the swearing-in. THE MOVEMENT CONTINUES - THE WORK BEGINS!|01-20-2017 12:31:53|70523|268372|false|822421390125043713
Twitter for iPhone|Thank you for a wonderful evening in Washington, D.C. #Inauguration https://t.co/a6xpFQTHj5|01-20-2017 04:24:33|20770|112829|false|822298747421986828
Twitter for iPhone|Thank you for joining us at the Lincoln Memorial tonight- a very special evening! Together, we are going to MAKE AM‚Ä¶ https://t.co/OSxa3BamHs|01-20-2017 00:40:51|34204|165943|false|822242449053614081