"username","date","retweets","favorites","text","geo","mentions","hashtags","id","permalink"
"sweluhu","2017-03-31 06:10","0","0","I'm at Wyoming/Montana Border in Parkman, WY https://www.swarmapp.com/c/i1oiI5N2L18","","","","847692572088610818","https://twitter.com/sweluhu/status/847692572088610818"
"Addicted2Diesel","2017-03-02 23:03","0","0","I'm at Wyoming/Montana Border in Parkman, WY https://www.swarmapp.com/c/fjeUztEqQOi","","","","837438253569617920","https://twitter.com/Addicted2Diesel/status/837438253569617920"
"BrightAgrotech","2017-02-23 23:09","0","0","Stocked up and ready to rock! Take advantage of your empty wall space and start your own https://www.instagram.com/p/BQ3zy7DgHZl/","","","","834903012120346624","https://twitter.com/BrightAgrotech/status/834903012120346624"
"BrightAgrotech","2017-02-23 04:34","0","2","What's a Farm Wall? It's a living Wall garden designed for growing your favorite salad greens, https://www.instagram.com/p/BQ10MieAQXP/","","","","834622421642641409","https://twitter.com/BrightAgrotech/status/834622421642641409"
"Renton127","2017-02-22 03:37","0","0","The Great Wall was pretty bad. Was bored to tears on that one. Now I wait an hour for the cure for wellness lol","","","","834245727169687552","https://twitter.com/Renton127/status/834245727169687552"
"Renton127","2017-02-22 01:50","0","0","A lot of people here for the Great Wall. Half full theater over here in a Tuesday night","","","","834218890364407812","https://twitter.com/Renton127/status/834218890364407812"
"Renton127","2017-02-22 01:47","0","0","Here for the Great Wall. Hopefully this film is better than fist fight","","","","834218009698959361","https://twitter.com/Renton127/status/834218009698959361"
"Renton127","2017-02-21 23:33","0","0","Time for the theater triple feature. Fist fight, the Great Wall and the cure for wellness viewing 2","","","","834184373385703425","https://twitter.com/Renton127/status/834184373385703425"
"Renton127","2017-02-21 06:46","0","0","Films I plan to see are the Great Wall and fist fight.","","","","833930964581638144","https://twitter.com/Renton127/status/833930964581638144"
"Renton127","2017-02-21 03:57","0","0","I think after debating with myself. I will be seeing Jackie tonight. Or should I see the Great Wall or what about fist fight.","","","","833888469567098881","https://twitter.com/Renton127/status/833888469567098881"
"Renton127","2017-02-19 01:59","0","0","So I be waiting till $5 Tuesday to see Jackie, fist fight and the Great Wall. Jackie seems like the only promising film. The other two are??","","","","833133891162611713","https://twitter.com/Renton127/status/833133891162611713"
"BrightAgrotech","2017-02-08 06:44","0","5","And that's how you unload a full container load of Farm Wall Top Off Tanks in less than 15 https://www.instagram.com/p/BQPbIlUgSIH/","","","","829219281112023040","https://twitter.com/BrightAgrotech/status/829219281112023040"
"BrentBuckingham","2017-02-04 03:20","0","1","God's Country. @Willow Creek Ranch at the Hole in the Wall https://www.instagram.com/p/BQEwjvAgsc6/","","@Willow","","827718390211031040","https://twitter.com/BrentBuckingham/status/827718390211031040"
